country,food_category,product_type,consumption,co2_emmission
Albania,Beef,Animal,22.5,694.3
Albania,Lamb & Goat,Animal,15.32,536.5
Albania,Milk - inc. cheese,non-Animal,303.72,432.62
Albania,Pork,Animal,10.88,38.51
Albania,Wheat and Wheat Products,non-Animal,138.64,26.44
Albania,Poultry,Animal,13.23,14.21
Albania,Eggs,Animal,12.45,11.44
Albania,Rice,non-Animal,7.78,9.96
Albania,Nuts inc. Peanut Butter,non-Animal,4.36,7.72
Albania,Fish,Animal,3.85,6.15
Albania,Soybeans,non-Animal,0,0
Algeria,Lamb & Goat,Animal,7.69,269.3
Algeria,Milk - inc. cheese,non-Animal,141.53,201.6
Algeria,Beef,Animal,5.6,172.8
Algeria,Wheat and Wheat Products,non-Animal,185.42,35.36
Algeria,Poultry,Animal,7.42,7.97
Algeria,Eggs,Animal,8.06,7.4
Algeria,Fish,Animal,3.74,5.97
Algeria,Rice,non-Animal,2.97,3.8
Algeria,Nuts inc. Peanut Butter,non-Animal,2.08,3.68
Algeria,Pork,Animal,0,0
Algeria,Soybeans,non-Animal,0,0
Angola,Beef,Animal,8.42,259.82
Angola,Lamb & Goat,Animal,1.08,37.82
Angola,Pork,Animal,8.89,31.47
Angola,Fish,Animal,15.24,24.33
Angola,Poultry,Animal,17.33,18.62
Angola,Milk - inc. cheese,non-Animal,12.3,17.52
Angola,Rice,non-Animal,8.12,10.39
Angola,Wheat and Wheat Products,non-Animal,40.72,7.77
Angola,Nuts inc. Peanut Butter,non-Animal,2.26,4
Angola,Eggs,Animal,1.11,1.02
Angola,Soybeans,non-Animal,0.52,0.23
Argentina,Beef,Animal,55.48,1712
Argentina,Milk - inc. cheese,non-Animal,195.08,277.87
Argentina,Lamb & Goat,Animal,1.56,54.63
Argentina,Poultry,Animal,38.66,41.53
Argentina,Pork,Animal,10.51,37.2
Argentina,Wheat and Wheat Products,non-Animal,103.11,19.66
Argentina,Rice,non-Animal,8.77,11.22
Argentina,Eggs,Animal,11.39,10.46
Argentina,Fish,Animal,4.36,6.96
Argentina,Nuts inc. Peanut Butter,non-Animal,0.49,0.87
Argentina,Soybeans,non-Animal,0,0
Armenia,Beef,Animal,19.66,606.67
Armenia,Milk - inc. cheese,non-Animal,209.03,297.74
Armenia,Lamb & Goat,Animal,3.02,105.76
Armenia,Pork,Animal,9.67,34.23
Armenia,Wheat and Wheat Products,non-Animal,130.6,24.91
Armenia,Poultry,Animal,13.35,14.34
Armenia,Eggs,Animal,11.69,10.74
Armenia,Fish,Animal,4.36,6.96
Armenia,Nuts inc. Peanut Butter,non-Animal,2.55,4.51
Armenia,Rice,non-Animal,3.18,4.07
Armenia,Soybeans,non-Animal,0,0
Australia,Beef,Animal,33.86,1044.85
Australia,Lamb & Goat,Animal,9.87,345.65
Australia,Milk - inc. cheese,non-Animal,234.49,334.01
Australia,Pork,Animal,24.14,85.44
Australia,Poultry,Animal,46.12,49.54
Australia,Fish,Animal,17.69,28.25
Australia,Nuts inc. Peanut Butter,non-Animal,8.73,15.45
Australia,Rice,non-Animal,11.03,14.12
Australia,Wheat and Wheat Products,non-Animal,70.46,13.44
Australia,Eggs,Animal,8.51,7.82
Australia,Soybeans,non-Animal,0.19,0.09
Austria,Beef,Animal,17.14,528.9
Austria,Milk - inc. cheese,non-Animal,258.09,367.62
Austria,Pork,Animal,52.56,186.04
Austria,Lamb & Goat,Animal,1.16,40.62
Austria,Poultry,Animal,18.61,19.99
Austria,Fish,Animal,12.16,19.42
Austria,Wheat and Wheat Products,non-Animal,81.1,15.47
Austria,Nuts inc. Peanut Butter,non-Animal,7.88,13.95
Austria,Eggs,Animal,14.68,13.49
Austria,Rice,non-Animal,3.7,4.73
Austria,Soybeans,non-Animal,2.06,0.93
Bahamas,Beef,Animal,19.92,614.69
Bahamas,Lamb & Goat,Animal,5.22,182.8
Bahamas,Milk - inc. cheese,non-Animal,104.76,149.22
Bahamas,Pork,Animal,32.74,115.88
Bahamas,Poultry,Animal,45.74,49.13
Bahamas,Rice,non-Animal,23.97,30.67
Bahamas,Fish,Animal,18.8,30.02
Bahamas,Wheat and Wheat Products,non-Animal,39.98,7.62
Bahamas,Nuts inc. Peanut Butter,non-Animal,4.03,7.13
Bahamas,Eggs,Animal,6.2,5.7
Bahamas,Soybeans,non-Animal,0.09,0.04
Bangladesh,Rice,non-Animal,171.73,219.76
Bangladesh,Lamb & Goat,Animal,1.33,46.58
Bangladesh,Beef,Animal,1.28,39.5
Bangladesh,Milk - inc. cheese,non-Animal,21.91,31.21
Bangladesh,Fish,Animal,18.07,28.85
Bangladesh,Wheat and Wheat Products,non-Animal,17.47,3.33
Bangladesh,Eggs,Animal,2.08,1.91
Bangladesh,Poultry,Animal,1.4,1.5
Bangladesh,Nuts inc. Peanut Butter,non-Animal,0.72,1.27
Bangladesh,Soybeans,non-Animal,0.61,0.27
Bangladesh,Pork,Animal,0,0
Barbados,Beef,Animal,13.13,405.16
Barbados,Milk - inc. cheese,non-Animal,110.48,157.37
Barbados,Lamb & Goat,Animal,4.08,142.88
Barbados,Fish,Animal,37.41,59.73
Barbados,Poultry,Animal,42.62,45.78
Barbados,Pork,Animal,8.3,29.38
Barbados,Rice,non-Animal,15.66,20.04
Barbados,Wheat and Wheat Products,non-Animal,65.71,12.53
Barbados,Eggs,Animal,9.61,8.83
Barbados,Nuts inc. Peanut Butter,non-Animal,4.16,7.36
Barbados,Soybeans,non-Animal,0.1,0.05
Belarus,Beef,Animal,17.11,527.98
Belarus,Milk - inc. cheese,non-Animal,133.73,190.49
Belarus,Pork,Animal,40.37,142.89
Belarus,Poultry,Animal,31.29,33.61
Belarus,Fish,Animal,15.75,25.15
Belarus,Eggs,Animal,15.86,14.57
Belarus,Wheat and Wheat Products,non-Animal,60.48,11.53
Belarus,Nuts inc. Peanut Butter,non-Animal,3.36,5.95
Belarus,Rice,non-Animal,3.17,4.06
Belarus,Lamb & Goat,Animal,0.11,3.85
Belarus,Soybeans,non-Animal,0.3,0.14
Belgium,Beef,Animal,15.63,482.31
Belgium,Milk - inc. cheese,non-Animal,236.19,336.43
Belgium,Pork,Animal,38.65,136.8
Belgium,Lamb & Goat,Animal,1.32,46.23
Belgium,Fish,Animal,18.97,30.29
Belgium,Wheat and Wheat Products,non-Animal,111.91,21.34
Belgium,Poultry,Animal,12.2,13.11
Belgium,Nuts inc. Peanut Butter,non-Animal,7.32,12.96
Belgium,Eggs,Animal,12.59,11.57
Belgium,Rice,non-Animal,8.61,11.02
Belgium,Soybeans,non-Animal,0.07,0.03
Belize,Beef,Animal,4.86,149.97
Belize,Milk - inc. cheese,non-Animal,80.3,114.38
Belize,Pork,Animal,16.8,59.46
Belize,Rice,non-Animal,28.42,36.37
Belize,Poultry,Animal,28.31,30.41
Belize,Fish,Animal,7.57,12.09
Belize,Wheat and Wheat Products,non-Animal,54.06,10.31
Belize,Nuts inc. Peanut Butter,non-Animal,5.58,9.88
Belize,Lamb & Goat,Animal,0.14,4.9
Belize,Eggs,Animal,4.85,4.46
Belize,Soybeans,non-Animal,1.88,0.85
Bermuda,Beef,Animal,33.15,1022.94
Bermuda,Milk - inc. cheese,non-Animal,95.56,136.12
Bermuda,Pork,Animal,28.24,99.96
Bermuda,Lamb & Goat,Animal,2.71,94.9
Bermuda,Fish,Animal,33.22,53.04
Bermuda,Poultry,Animal,32.62,35.04
Bermuda,Eggs,Animal,14.92,13.71
Bermuda,Wheat and Wheat Products,non-Animal,54.88,10.47
Bermuda,Nuts inc. Peanut Butter,non-Animal,5.72,10.12
Bermuda,Rice,non-Animal,5.38,6.88
Bermuda,Soybeans,non-Animal,0.22,0.1
Bolivia,Beef,Animal,19.78,610.37
Bolivia,Milk - inc. cheese,non-Animal,46.04,65.58
Bolivia,Lamb & Goat,Animal,1.72,60.23
Bolivia,Poultry,Animal,34.31,36.86
Bolivia,Rice,non-Animal,26.99,34.54
Bolivia,Pork,Animal,8.89,31.47
Bolivia,Nuts inc. Peanut Butter,non-Animal,9.16,16.21
Bolivia,Wheat and Wheat Products,non-Animal,49.99,9.53
Bolivia,Eggs,Animal,5.18,4.76
Bolivia,Fish,Animal,2.18,3.48
Bolivia,Soybeans,non-Animal,0.01,0
Bosnia and Herzegovina,Beef,Animal,9.12,281.42
Bosnia and Herzegovina,Milk - inc. cheese,non-Animal,174.03,247.89
Bosnia and Herzegovina,Pork,Animal,9.38,33.2
Bosnia and Herzegovina,Wheat and Wheat Products,non-Animal,93.56,17.84
Bosnia and Herzegovina,Lamb & Goat,Animal,0.47,16.46
Bosnia and Herzegovina,Poultry,Animal,13.17,14.15
Bosnia and Herzegovina,Fish,Animal,4.06,6.48
Bosnia and Herzegovina,Eggs,Animal,4.49,4.12
Bosnia and Herzegovina,Nuts inc. Peanut Butter,non-Animal,2,3.54
Bosnia and Herzegovina,Rice,non-Animal,1.88,2.41
Bosnia and Herzegovina,Soybeans,non-Animal,1.48,0.67
Botswana,Beef,Animal,7.85,242.23
Botswana,Milk - inc. cheese,non-Animal,117.74,167.71
Botswana,Lamb & Goat,Animal,3.76,131.67
Botswana,Rice,non-Animal,7.06,9.03
Botswana,Wheat and Wheat Products,non-Animal,38.2,7.28
Botswana,Fish,Animal,3.98,6.35
Botswana,Poultry,Animal,5.33,5.73
Botswana,Pork,Animal,0.74,2.62
Botswana,Nuts inc. Peanut Butter,non-Animal,1.08,1.91
Botswana,Eggs,Animal,1.95,1.79
Botswana,Soybeans,non-Animal,1.16,0.52
Brazil,Beef,Animal,39.25,1211.17
Brazil,Milk - inc. cheese,non-Animal,149.28,212.63
Brazil,Poultry,Animal,45,48.34
Brazil,Pork,Animal,12.6,44.6
Brazil,Rice,non-Animal,32.13,41.12
Brazil,Lamb & Goat,Animal,0.62,21.71
Brazil,Fish,Animal,10.01,15.98
Brazil,Wheat and Wheat Products,non-Animal,53,10.11
Brazil,Eggs,Animal,8.98,8.25
Brazil,Soybeans,non-Animal,3.62,1.63
Brazil,Nuts inc. Peanut Butter,non-Animal,0.67,1.19
Bulgaria,Milk - inc. cheese,non-Animal,155.71,221.79
Bulgaria,Beef,Animal,3.84,118.49
Bulgaria,Pork,Animal,26.26,92.95
Bulgaria,Lamb & Goat,Animal,1.63,57.08
Bulgaria,Wheat and Wheat Products,non-Animal,121.17,23.11
Bulgaria,Poultry,Animal,20.68,22.21
Bulgaria,Fish,Animal,6.24,9.96
Bulgaria,Eggs,Animal,8.36,7.68
Bulgaria,Nuts inc. Peanut Butter,non-Animal,2.26,4
Bulgaria,Rice,non-Animal,2.24,2.87
Bulgaria,Soybeans,non-Animal,0.04,0.02
Cambodia,Rice,non-Animal,159.1,203.6
Cambodia,Beef,Animal,4.85,149.66
Cambodia,Fish,Animal,39.59,63.21
Cambodia,Pork,Animal,6.52,23.08
Cambodia,Milk - inc. cheese,non-Animal,3.47,4.94
Cambodia,Nuts inc. Peanut Butter,non-Animal,1.25,2.21
Cambodia,Poultry,Animal,1.84,1.98
Cambodia,Soybeans,non-Animal,4.33,1.95
Cambodia,Eggs,Animal,1.37,1.26
Cambodia,Wheat and Wheat Products,non-Animal,2.74,0.52
Cambodia,Lamb & Goat,Animal,0,0
Cameroon,Beef,Animal,4.17,128.68
Cameroon,Lamb & Goat,Animal,1.4,49.03
Cameroon,Rice,non-Animal,23.85,30.52
Cameroon,Fish,Animal,14.71,23.49
Cameroon,Milk - inc. cheese,non-Animal,15.27,21.75
Cameroon,Nuts inc. Peanut Butter,non-Animal,9.29,16.44
Cameroon,Pork,Animal,1.47,5.2
Cameroon,Wheat and Wheat Products,non-Animal,22.6,4.31
Cameroon,Poultry,Animal,3.29,3.53
Cameroon,Eggs,Animal,0.4,0.37
Cameroon,Soybeans,non-Animal,0.64,0.29
Canada,Beef,Animal,30.25,933.45
Canada,Milk - inc. cheese,non-Animal,187.77,267.46
Canada,Pork,Animal,22.81,80.74
Canada,Poultry,Animal,36.68,39.4
Canada,Lamb & Goat,Animal,0.97,33.97
Canada,Fish,Animal,14.56,23.25
Canada,Wheat and Wheat Products,non-Animal,84.96,16.2
Canada,Rice,non-Animal,12.65,16.19
Canada,Nuts inc. Peanut Butter,non-Animal,8.01,14.18
Canada,Eggs,Animal,12.95,11.9
Canada,Soybeans,non-Animal,0.94,0.42
Chile,Beef,Animal,23.86,736.27
Chile,Milk - inc. cheese,non-Animal,116.11,165.39
Chile,Pork,Animal,24.68,87.35
Chile,Poultry,Animal,36.52,39.23
Chile,Wheat and Wheat Products,non-Animal,104.74,19.97
Chile,Lamb & Goat,Animal,0.42,14.71
Chile,Fish,Animal,7.65,12.21
Chile,Rice,non-Animal,8.85,11.33
Chile,Eggs,Animal,9.97,9.16
Chile,Nuts inc. Peanut Butter,non-Animal,2.22,3.93
Chile,Soybeans,non-Animal,0.04,0.02
China,Beef,Animal,5.12,157.99
China,Pork,Animal,38.43,136.02
China,Lamb & Goat,Animal,3.13,109.61
China,Rice,non-Animal,78.18,100.05
China,Milk - inc. cheese,non-Animal,32.66,46.52
China,Fish,Animal,21.01,33.55
China,Eggs,Animal,18.76,17.23
China,Poultry,Animal,13.2,14.18
China,Wheat and Wheat Products,non-Animal,63.36,12.08
China,Nuts inc. Peanut Butter,non-Animal,6.39,11.31
China,Soybeans,non-Animal,3.66,1.65
Colombia,Beef,Animal,16.36,504.84
Colombia,Milk - inc. cheese,non-Animal,108.47,154.5
Colombia,Rice,non-Animal,28.02,35.86
Colombia,Poultry,Animal,27.57,29.62
Colombia,Pork,Animal,6.51,23.04
Colombia,Eggs,Animal,10.78,9.9
Colombia,Fish,Animal,6.01,9.6
Colombia,Lamb & Goat,Animal,0.21,7.35
Colombia,Wheat and Wheat Products,non-Animal,29.79,5.68
Colombia,Nuts inc. Peanut Butter,non-Animal,0.42,0.74
Colombia,Soybeans,non-Animal,0.89,0.4
Congo,Beef,Animal,4.35,134.23
Congo,Fish,Animal,26.22,41.86
Congo,Rice,non-Animal,16.51,21.13
Congo,Milk - inc. cheese,non-Animal,10.69,15.23
Congo,Lamb & Goat,Animal,0.4,14.01
Congo,Poultry,Animal,13.02,13.99
Congo,Pork,Animal,2.39,8.46
Congo,Wheat and Wheat Products,non-Animal,40.07,7.64
Congo,Nuts inc. Peanut Butter,non-Animal,3.08,5.45
Congo,Eggs,Animal,0.6,0.55
Congo,Soybeans,non-Animal,0,0
Costa Rica,Beef,Animal,15.23,469.97
Costa Rica,Milk - inc. cheese,non-Animal,183.28,261.06
Costa Rica,Rice,non-Animal,45.69,58.47
Costa Rica,Pork,Animal,10.28,36.39
Costa Rica,Poultry,Animal,24.47,26.29
Costa Rica,Fish,Animal,11.32,18.07
Costa Rica,Eggs,Animal,10.55,9.69
Costa Rica,Wheat and Wheat Products,non-Animal,39.31,7.5
Costa Rica,Nuts inc. Peanut Butter,non-Animal,1.38,2.44
Costa Rica,Lamb & Goat,Animal,0.02,0.7
Costa Rica,Soybeans,non-Animal,1.54,0.69
Croatia,Beef,Animal,12.41,382.95
Croatia,Milk - inc. cheese,non-Animal,231.02,329.06
Croatia,Pork,Animal,42.79,151.46
Croatia,Lamb & Goat,Animal,1.71,59.88
Croatia,Fish,Animal,15.83,25.28
Croatia,Wheat and Wheat Products,non-Animal,106.59,20.33
Croatia,Poultry,Animal,8.52,9.15
Croatia,Eggs,Animal,8.48,7.79
Croatia,Nuts inc. Peanut Butter,non-Animal,3.88,6.87
Croatia,Rice,non-Animal,2.64,3.38
Croatia,Soybeans,non-Animal,0,0
Cuba,Beef,Animal,6.39,197.18
Cuba,Milk - inc. cheese,non-Animal,99.94,142.35
Cuba,Rice,non-Animal,67.7,86.64
Cuba,Pork,Animal,19.82,70.15
Cuba,Lamb & Goat,Animal,1.24,43.42
Cuba,Poultry,Animal,20.15,21.65
Cuba,Wheat and Wheat Products,non-Animal,54.62,10.42
Cuba,Eggs,Animal,9.82,9.02
Cuba,Fish,Animal,4.76,7.6
Cuba,Soybeans,non-Animal,6.34,2.85
Cuba,Nuts inc. Peanut Butter,non-Animal,0.23,0.41
Cyprus,Beef,Animal,5.79,178.67
Cyprus,Lamb & Goat,Animal,5.05,176.85
Cyprus,Milk - inc. cheese,non-Animal,113.31,161.4
Cyprus,Pork,Animal,38.38,135.85
Cyprus,Poultry,Animal,24.45,26.26
Cyprus,Fish,Animal,14.86,23.73
Cyprus,Wheat and Wheat Products,non-Animal,83.25,15.88
Cyprus,Eggs,Animal,8.98,8.25
Cyprus,Nuts inc. Peanut Butter,non-Animal,4.6,8.14
Cyprus,Rice,non-Animal,4.94,6.32
Cyprus,Soybeans,non-Animal,0.04,0.02
Czech Republic,Milk - inc. cheese,non-Animal,195.2,278.04
Czech Republic,Beef,Animal,8.15,251.49
Czech Republic,Pork,Animal,41.17,145.72
Czech Republic,Poultry,Animal,19.09,20.51
Czech Republic,Wheat and Wheat Products,non-Animal,92.67,17.67
Czech Republic,Fish,Animal,8.25,13.17
Czech Republic,Lamb & Goat,Animal,0.34,11.91
Czech Republic,Eggs,Animal,11.66,10.71
Czech Republic,Rice,non-Animal,4.79,6.13
Czech Republic,Nuts inc. Peanut Butter,non-Animal,2.47,4.37
Czech Republic,Soybeans,non-Animal,0.82,0.37
Denmark,Beef,Animal,28.46,878.22
Denmark,Milk - inc. cheese,non-Animal,277.3,394.99
Denmark,Pork,Animal,24.87,88.03
Denmark,Lamb & Goat,Animal,0.92,32.22
Denmark,Poultry,Animal,26.75,28.73
Denmark,Fish,Animal,16.49,26.33
Denmark,Wheat and Wheat Products,non-Animal,98,18.69
Denmark,Eggs,Animal,15.35,14.1
Denmark,Nuts inc. Peanut Butter,non-Animal,5.94,10.51
Denmark,Rice,non-Animal,4.96,6.35
Denmark,Soybeans,non-Animal,0.03,0.01
Ecuador,Beef,Animal,16.61,512.55
Ecuador,Milk - inc. cheese,non-Animal,139.6,198.85
Ecuador,Rice,non-Animal,45.07,57.68
Ecuador,Pork,Animal,14.44,51.11
Ecuador,Poultry,Animal,21.85,23.47
Ecuador,Lamb & Goat,Animal,0.44,15.41
Ecuador,Fish,Animal,5.17,8.25
Ecuador,Wheat and Wheat Products,non-Animal,39.19,7.47
Ecuador,Eggs,Animal,8.01,7.36
Ecuador,Nuts inc. Peanut Butter,non-Animal,0.98,1.73
Ecuador,Soybeans,non-Animal,0,0
Egypt,Beef,Animal,12.88,397.45
Egypt,Milk - inc. cheese,non-Animal,59.46,84.69
Egypt,Lamb & Goat,Animal,1.58,55.33
Egypt,Rice,non-Animal,39.77,50.89
Egypt,Fish,Animal,21.46,34.26
Egypt,Wheat and Wheat Products,non-Animal,146.83,28
Egypt,Poultry,Animal,14.43,15.5
Egypt,Eggs,Animal,4.59,4.22
Egypt,Nuts inc. Peanut Butter,non-Animal,1.82,3.22
Egypt,Soybeans,non-Animal,0.64,0.29
Egypt,Pork,Animal,0.02,0.07
El Salvador,Beef,Animal,5.95,183.6
El Salvador,Milk - inc. cheese,non-Animal,124.34,177.11
El Salvador,Poultry,Animal,19.84,21.31
El Salvador,Rice,non-Animal,10.53,13.48
El Salvador,Pork,Animal,3.23,11.43
El Salvador,Fish,Animal,6.25,9.98
El Salvador,Eggs,Animal,9.51,8.74
El Salvador,Wheat and Wheat Products,non-Animal,28.19,5.38
El Salvador,Nuts inc. Peanut Butter,non-Animal,1.1,1.95
El Salvador,Lamb & Goat,Animal,0.02,0.7
El Salvador,Soybeans,non-Animal,0.8,0.36
Estonia,Milk - inc. cheese,non-Animal,284.85,405.74
Estonia,Beef,Animal,7.19,221.87
Estonia,Pork,Animal,29.68,105.05
Estonia,Poultry,Animal,21.11,22.68
Estonia,Fish,Animal,12.78,20.41
Estonia,Wheat and Wheat Products,non-Animal,89.36,17.04
Estonia,Lamb & Goat,Animal,0.44,15.41
Estonia,Eggs,Animal,12.66,11.63
Estonia,Nuts inc. Peanut Butter,non-Animal,4.29,7.59
Estonia,Rice,non-Animal,2.56,3.28
Estonia,Soybeans,non-Animal,0.04,0.02
Ethiopia,Beef,Animal,3.61,111.4
Ethiopia,Milk - inc. cheese,non-Animal,44.14,62.87
Ethiopia,Lamb & Goat,Animal,1.57,54.98
Ethiopia,Wheat and Wheat Products,non-Animal,31.26,5.96
Ethiopia,Rice,non-Animal,2.25,2.88
Ethiopia,Nuts inc. Peanut Butter,non-Animal,1.21,2.14
Ethiopia,Poultry,Animal,0.66,0.71
Ethiopia,Fish,Animal,0.24,0.38
Ethiopia,Eggs,Animal,0.36,0.33
Ethiopia,Soybeans,non-Animal,0.45,0.2
Ethiopia,Pork,Animal,0.02,0.07
Fiji,Beef,Animal,8.96,276.49
Fiji,Lamb & Goat,Animal,5.9,206.62
Fiji,Rice,non-Animal,45.62,58.38
Fiji,Milk - inc. cheese,non-Animal,40.2,57.26
Fiji,Fish,Animal,35.01,55.9
Fiji,Poultry,Animal,20.26,21.76
Fiji,Wheat and Wheat Products,non-Animal,84.22,16.06
Fiji,Pork,Animal,4.31,15.26
Fiji,Eggs,Animal,6.44,5.92
Fiji,Nuts inc. Peanut Butter,non-Animal,1.3,2.3
Fiji,Soybeans,non-Animal,0.3,0.14
Finland,Milk - inc. cheese,non-Animal,430.76,613.57
Finland,Beef,Animal,19.22,593.09
Finland,Pork,Animal,36.14,127.92
Finland,Fish,Animal,33.8,53.97
Finland,Poultry,Animal,19.87,21.34
Finland,Lamb & Goat,Animal,0.53,18.56
Finland,Wheat and Wheat Products,non-Animal,81.99,15.64
Finland,Eggs,Animal,9.55,8.77
Finland,Nuts inc. Peanut Butter,non-Animal,3.43,6.07
Finland,Rice,non-Animal,4.42,5.66
Finland,Soybeans,non-Animal,0.08,0.04
France,Beef,Animal,23.81,734.73
France,Milk - inc. cheese,non-Animal,241.31,343.72
France,Pork,Animal,33.05,116.98
France,Lamb & Goat,Animal,3.28,114.87
France,Fish,Animal,22.91,36.58
France,Poultry,Animal,22.93,24.63
France,Wheat and Wheat Products,non-Animal,108.43,20.68
France,Eggs,Animal,13.13,12.06
France,Nuts inc. Peanut Butter,non-Animal,5.39,9.54
France,Rice,non-Animal,4.88,6.24
France,Soybeans,non-Animal,0.05,0.02
French Polynesia,Beef,Animal,30.9,953.51
French Polynesia,Milk - inc. cheese,non-Animal,93.56,133.27
French Polynesia,Lamb & Goat,Animal,2.83,99.11
French Polynesia,Fish,Animal,38.95,62.19
French Polynesia,Poultry,Animal,49.55,53.23
French Polynesia,Pork,Animal,14.75,52.21
French Polynesia,Rice,non-Animal,35.59,45.54
French Polynesia,Wheat and Wheat Products,non-Animal,68.67,13.1
French Polynesia,Eggs,Animal,8.75,8.04
French Polynesia,Nuts inc. Peanut Butter,non-Animal,2.34,4.14
French Polynesia,Soybeans,non-Animal,0.77,0.35
Gambia,Rice,non-Animal,61.84,79.14
Gambia,Beef,Animal,2.16,66.65
Gambia,Milk - inc. cheese,non-Animal,45.71,65.11
Gambia,Fish,Animal,23.13,36.93
Gambia,Lamb & Goat,Animal,0.71,24.86
Gambia,Nuts inc. Peanut Butter,non-Animal,5.27,9.33
Gambia,Wheat and Wheat Products,non-Animal,37.91,7.23
Gambia,Poultry,Animal,2.66,2.86
Gambia,Eggs,Animal,0.99,0.91
Gambia,Pork,Animal,0.18,0.64
Gambia,Soybeans,non-Animal,0,0
Georgia,Milk - inc. cheese,non-Animal,149.26,212.61
Georgia,Beef,Animal,6.04,186.38
Georgia,Pork,Animal,8.93,31.61
Georgia,Wheat and Wheat Products,non-Animal,163.43,31.17
Georgia,Lamb & Goat,Animal,0.63,22.06
Georgia,Fish,Animal,10.42,16.64
Georgia,Poultry,Animal,12.28,13.19
Georgia,Eggs,Animal,6.12,5.62
Georgia,Nuts inc. Peanut Butter,non-Animal,2.47,4.37
Georgia,Rice,non-Animal,2.64,3.38
Georgia,Soybeans,non-Animal,0,0
Germany,Beef,Animal,13.16,406.09
Germany,Milk - inc. cheese,non-Animal,258.7,368.49
Germany,Pork,Animal,51.81,183.38
Germany,Lamb & Goat,Animal,0.73,25.56
Germany,Poultry,Animal,17.75,19.07
Germany,Fish,Animal,11.16,17.82
Germany,Wheat and Wheat Products,non-Animal,83.41,15.91
Germany,Nuts inc. Peanut Butter,non-Animal,7.96,14.09
Germany,Eggs,Animal,12.2,11.21
Germany,Rice,non-Animal,3.34,4.27
Germany,Soybeans,non-Animal,0.88,0.4
Ghana,Lamb & Goat,Animal,1.74,60.93
Ghana,Fish,Animal,26.05,41.59
Ghana,Rice,non-Animal,32.03,40.99
Ghana,Beef,Animal,1.09,33.64
Ghana,Milk - inc. cheese,non-Animal,9.08,12.93
Ghana,Nuts inc. Peanut Butter,non-Animal,5.56,9.84
Ghana,Poultry,Animal,8.63,9.27
Ghana,Pork,Animal,1.36,4.81
Ghana,Wheat and Wheat Products,non-Animal,14.45,2.76
Ghana,Eggs,Animal,1.21,1.11
Ghana,Soybeans,non-Animal,0.01,0
Greece,Beef,Animal,16.1,496.81
Greece,Lamb & Goat,Animal,12.47,436.7
Greece,Milk - inc. cheese,non-Animal,255.26,363.59
Greece,Pork,Animal,28.31,100.2
Greece,Wheat and Wheat Products,non-Animal,124.04,23.65
Greece,Fish,Animal,14.42,23.02
Greece,Nuts inc. Peanut Butter,non-Animal,10.5,18.59
Greece,Poultry,Animal,15.74,16.91
Greece,Eggs,Animal,10.13,9.31
Greece,Rice,non-Animal,6.64,8.5
Greece,Soybeans,non-Animal,0.02,0.01
Grenada,Milk - inc. cheese,non-Animal,86.88,123.75
Grenada,Beef,Animal,3.46,106.77
Grenada,Poultry,Animal,43.51,46.74
Grenada,Fish,Animal,27.95,44.63
Grenada,Lamb & Goat,Animal,1.25,43.77
Grenada,Pork,Animal,11.52,40.78
Grenada,Rice,non-Animal,9.56,12.23
Grenada,Wheat and Wheat Products,non-Animal,59.59,11.36
Grenada,Eggs,Animal,10.34,9.5
Grenada,Nuts inc. Peanut Butter,non-Animal,0.18,0.32
Grenada,Soybeans,non-Animal,0.01,0
Guatemala,Beef,Animal,5.6,172.8
Guatemala,Milk - inc. cheese,non-Animal,46.6,66.38
Guatemala,Poultry,Animal,16.45,17.67
Guatemala,Pork,Animal,4.85,17.17
Guatemala,Eggs,Animal,14.61,13.42
Guatemala,Lamb & Goat,Animal,0.23,8.05
Guatemala,Rice,non-Animal,5.66,7.24
Guatemala,Wheat and Wheat Products,non-Animal,35.9,6.85
Guatemala,Nuts inc. Peanut Butter,non-Animal,2,3.54
Guatemala,Fish,Animal,1.08,1.72
Guatemala,Soybeans,non-Animal,0.32,0.14
Guinea,Beef,Animal,6.26,193.17
Guinea,Rice,non-Animal,97.12,124.28
Guinea,Lamb & Goat,Animal,1.6,56.03
Guinea,Milk - inc. cheese,non-Animal,20.62,29.37
Guinea,Fish,Animal,9.18,14.66
Guinea,Nuts inc. Peanut Butter,non-Animal,4.14,7.33
Guinea,Wheat and Wheat Products,non-Animal,18.55,3.54
Guinea,Poultry,Animal,1.83,1.97
Guinea,Eggs,Animal,1.95,1.79
Guinea,Pork,Animal,0.16,0.57
Guinea,Soybeans,non-Animal,0,0
Honduras,Beef,Animal,7.19,221.87
Honduras,Milk - inc. cheese,non-Animal,91.33,130.09
Honduras,Pork,Animal,6.48,22.94
Honduras,Poultry,Animal,20.29,21.8
Honduras,Rice,non-Animal,14.42,18.45
Honduras,Wheat and Wheat Products,non-Animal,37.36,7.12
Honduras,Eggs,Animal,5.19,4.77
Honduras,Fish,Animal,2.7,4.31
Honduras,Lamb & Goat,Animal,0.04,1.4
Honduras,Nuts inc. Peanut Butter,non-Animal,0.75,1.33
Honduras,Soybeans,non-Animal,0.01,0
Hong Kong SAR. China,Beef,Animal,25.82,796.75
Hong Kong SAR. China,Pork,Animal,67.11,237.54
Hong Kong SAR. China,Milk - inc. cheese,non-Animal,105.85,150.77
Hong Kong SAR. China,Lamb & Goat,Animal,2.22,77.74
Hong Kong SAR. China,Fish,Animal,42.44,67.76
Hong Kong SAR. China,Poultry,Animal,54.86,58.93
Hong Kong SAR. China,Rice,non-Animal,43.48,55.64
Hong Kong SAR. China,Nuts inc. Peanut Butter,non-Animal,13.81,24.44
Hong Kong SAR. China,Eggs,Animal,14.5,13.32
Hong Kong SAR. China,Wheat and Wheat Products,non-Animal,53.14,10.13
Hong Kong SAR. China,Soybeans,non-Animal,2.79,1.26
Hungary,Milk - inc. cheese,non-Animal,159.05,226.55
Hungary,Beef,Animal,4.96,153.06
Hungary,Pork,Animal,34.93,123.63
Hungary,Poultry,Animal,23.78,25.54
Hungary,Wheat and Wheat Products,non-Animal,109.98,20.97
Hungary,Eggs,Animal,12.45,11.44
Hungary,Fish,Animal,4.93,7.87
Hungary,Lamb & Goat,Animal,0.11,3.85
Hungary,Rice,non-Animal,2.15,2.75
Hungary,Nuts inc. Peanut Butter,non-Animal,0.64,1.13
Hungary,Soybeans,non-Animal,0.01,0
Iceland,Lamb & Goat,Animal,21.12,739.62
Iceland,Beef,Animal,13.36,412.26
Iceland,Milk - inc. cheese,non-Animal,225.82,321.66
Iceland,Fish,Animal,74.41,118.81
Iceland,Pork,Animal,21.69,76.77
Iceland,Poultry,Animal,26.87,28.86
Iceland,Wheat and Wheat Products,non-Animal,72.92,13.91
Iceland,Eggs,Animal,8.24,7.57
Iceland,Nuts inc. Peanut Butter,non-Animal,3.88,6.87
Iceland,Rice,non-Animal,3.89,4.98
Iceland,Soybeans,non-Animal,0.11,0.05
India,Milk - inc. cheese,non-Animal,84.5,120.36
India,Rice,non-Animal,69.49,88.93
India,Beef,Animal,0.81,24.99
India,Lamb & Goat,Animal,0.58,20.31
India,Wheat and Wheat Products,non-Animal,60.56,11.55
India,Fish,Animal,4.71,7.52
India,Nuts inc. Peanut Butter,non-Animal,1.92,3.4
India,Eggs,Animal,2.58,2.37
India,Poultry,Animal,1.88,2.02
India,Pork,Animal,0.28,0.99
India,Soybeans,non-Animal,0.39,0.18
Indonesia,Rice,non-Animal,134.62,172.27
Indonesia,Beef,Animal,2.59,79.92
Indonesia,Fish,Animal,25.65,40.95
Indonesia,Milk - inc. cheese,non-Animal,14.82,21.11
Indonesia,Lamb & Goat,Animal,0.46,16.11
Indonesia,Pork,Animal,2.98,10.55
Indonesia,Nuts inc. Peanut Butter,non-Animal,4.92,8.71
Indonesia,Poultry,Animal,7.5,8.06
Indonesia,Wheat and Wheat Products,non-Animal,25.45,4.85
Indonesia,Eggs,Animal,4.88,4.48
Indonesia,Soybeans,non-Animal,1.12,0.5
Iran,Lamb & Goat,Animal,3.69,129.22
Iran,Beef,Animal,3.58,110.47
Iran,Milk - inc. cheese,non-Animal,46.69,66.51
Iran,Rice,non-Animal,29.95,38.33
Iran,Wheat and Wheat Products,non-Animal,153.31,29.24
Iran,Poultry,Animal,25.38,27.26
Iran,Nuts inc. Peanut Butter,non-Animal,12.16,21.52
Iran,Fish,Animal,9.8,15.65
Iran,Eggs,Animal,7.7,7.07
Iran,Pork,Animal,0,0
Iran,Soybeans,non-Animal,0,0
Ireland,Beef,Animal,22.35,689.67
Ireland,Milk - inc. cheese,non-Animal,291.86,415.73
Ireland,Lamb & Goat,Animal,4.1,143.58
Ireland,Pork,Animal,32.4,114.68
Ireland,Poultry,Animal,26.26,28.21
Ireland,Fish,Animal,17.39,27.77
Ireland,Wheat and Wheat Products,non-Animal,107.98,20.59
Ireland,Eggs,Animal,8.96,8.23
Ireland,Nuts inc. Peanut Butter,non-Animal,4.1,7.26
Ireland,Rice,non-Animal,3,3.84
Ireland,Soybeans,non-Animal,0.25,0.11
Israel,Beef,Animal,28.78,888.09
Israel,Milk - inc. cheese,non-Animal,193.6,275.76
Israel,Poultry,Animal,62.5,67.14
Israel,Lamb & Goat,Animal,1.87,65.49
Israel,Fish,Animal,22.18,35.41
Israel,Rice,non-Animal,16.81,21.51
Israel,Wheat and Wheat Products,non-Animal,110.86,21.14
Israel,Nuts inc. Peanut Butter,non-Animal,7.71,13.65
Israel,Eggs,Animal,11.35,10.43
Israel,Pork,Animal,1.99,7.04
Israel,Soybeans,non-Animal,0.1,0.05
Italy,Beef,Animal,18.6,573.96
Italy,Milk - inc. cheese,non-Animal,246.88,351.66
Italy,Pork,Animal,40.28,142.57
Italy,Lamb & Goat,Animal,0.92,32.22
Italy,Wheat and Wheat Products,non-Animal,146.37,27.91
Italy,Fish,Animal,15.6,24.91
Italy,Poultry,Animal,18.61,19.99
Italy,Nuts inc. Peanut Butter,non-Animal,7.63,13.51
Italy,Eggs,Animal,13.34,12.25
Italy,Rice,non-Animal,5.74,7.35
Italy,Soybeans,non-Animal,0.01,0
Jamaica,Milk - inc. cheese,non-Animal,91.13,129.81
Jamaica,Beef,Animal,3.97,122.51
Jamaica,Poultry,Animal,52.51,56.41
Jamaica,Lamb & Goat,Animal,1.26,44.13
Jamaica,Fish,Animal,21.95,35.05
Jamaica,Rice,non-Animal,23.45,30.01
Jamaica,Pork,Animal,3.99,14.12
Jamaica,Wheat and Wheat Products,non-Animal,70.67,13.48
Jamaica,Nuts inc. Peanut Butter,non-Animal,1.82,3.22
Jamaica,Eggs,Animal,2.27,2.09
Jamaica,Soybeans,non-Animal,0,0
Japan,Beef,Animal,9.15,282.35
Japan,Milk - inc. cheese,non-Animal,72.06,102.64
Japan,Rice,non-Animal,59.85,76.59
Japan,Pork,Animal,20.62,72.98
Japan,Fish,Animal,31.1,49.66
Japan,Poultry,Animal,19.42,20.86
Japan,Eggs,Animal,19.15,17.59
Japan,Wheat and Wheat Products,non-Animal,45.04,8.59
Japan,Lamb & Goat,Animal,0.14,4.9
Japan,Nuts inc. Peanut Butter,non-Animal,2.59,4.58
Japan,Soybeans,non-Animal,7.34,3.3
Jordan,Lamb & Goat,Animal,5.68,198.91
Jordan,Beef,Animal,5.61,173.11
Jordan,Milk - inc. cheese,non-Animal,77.68,110.65
Jordan,Poultry,Animal,33.39,35.87
Jordan,Wheat and Wheat Products,non-Animal,136.74,26.08
Jordan,Rice,non-Animal,19.67,25.17
Jordan,Fish,Animal,5.13,8.19
Jordan,Nuts inc. Peanut Butter,non-Animal,3.56,6.3
Jordan,Eggs,Animal,3.92,3.6
Jordan,Pork,Animal,0.02,0.07
Jordan,Soybeans,non-Animal,0.02,0.01
Kazakhstan,Beef,Animal,23.38,721.46
Kazakhstan,Milk - inc. cheese,non-Animal,288.12,410.4
Kazakhstan,Lamb & Goat,Animal,9.56,334.79
Kazakhstan,Pork,Animal,10.36,36.67
Kazakhstan,Poultry,Animal,18.38,19.74
Kazakhstan,Wheat and Wheat Products,non-Animal,92.31,17.6
Kazakhstan,Rice,non-Animal,7.32,9.37
Kazakhstan,Nuts inc. Peanut Butter,non-Animal,5.14,9.1
Kazakhstan,Fish,Animal,5.21,8.32
Kazakhstan,Eggs,Animal,8.29,7.62
Kazakhstan,Soybeans,non-Animal,0.03,0.01
Kenya,Beef,Animal,9.54,294.38
Kenya,Milk - inc. cheese,non-Animal,94.86,135.12
Kenya,Lamb & Goat,Animal,1.86,65.14
Kenya,Rice,non-Animal,12.94,16.56
Kenya,Fish,Animal,4.27,6.82
Kenya,Wheat and Wheat Products,non-Animal,34.65,6.61
Kenya,Nuts inc. Peanut Butter,non-Animal,1.64,2.9
Kenya,Eggs,Animal,1.84,1.69
Kenya,Pork,Animal,0.29,1.03
Kenya,Poultry,Animal,0.47,0.5
Kenya,Soybeans,non-Animal,0.2,0.09
Kuwait,Lamb & Goat,Animal,15.61,546.66
Kuwait,Beef,Animal,13.03,402.08
Kuwait,Milk - inc. cheese,non-Animal,157.66,224.57
Kuwait,Poultry,Animal,53.61,57.59
Kuwait,Rice,non-Animal,43.83,56.09
Kuwait,Fish,Animal,11.99,19.14
Kuwait,Wheat and Wheat Products,non-Animal,96.76,18.45
Kuwait,Eggs,Animal,12.6,11.57
Kuwait,Nuts inc. Peanut Butter,non-Animal,5.23,9.26
Kuwait,Soybeans,non-Animal,0.06,0.03
Kuwait,Pork,Animal,0,0
Latvia,Milk - inc. cheese,non-Animal,174.11,248
Latvia,Beef,Animal,5.11,157.68
Latvia,Pork,Animal,34.96,123.74
Latvia,Fish,Animal,21.3,34.01
Latvia,Poultry,Animal,20.53,22.05
Latvia,Wheat and Wheat Products,non-Animal,72.13,13.76
Latvia,Eggs,Animal,14.03,12.89
Latvia,Lamb & Goat,Animal,0.34,11.91
Latvia,Nuts inc. Peanut Butter,non-Animal,3.78,6.69
Latvia,Rice,non-Animal,2.21,2.83
Latvia,Soybeans,non-Animal,0.04,0.02
Liberia,Rice,non-Animal,94.75,121.25
Liberia,Beef,Animal,0.78,24.07
Liberia,Lamb & Goat,Animal,0.48,16.81
Liberia,Pork,Animal,4.01,14.19
Liberia,Poultry,Animal,8.91,9.57
Liberia,Fish,Animal,4.13,6.59
Liberia,Milk - inc. cheese,non-Animal,3.04,4.33
Liberia,Nuts inc. Peanut Butter,non-Animal,1.31,2.32
Liberia,Wheat and Wheat Products,non-Animal,10.95,2.09
Liberia,Eggs,Animal,2.05,1.88
Liberia,Soybeans,non-Animal,0.63,0.28
Lithuania,Milk - inc. cheese,non-Animal,295.46,420.85
Lithuania,Pork,Animal,45.67,161.65
Lithuania,Beef,Animal,4.49,138.55
Lithuania,Fish,Animal,42.39,67.68
Lithuania,Poultry,Animal,26.84,28.83
Lithuania,Wheat and Wheat Products,non-Animal,121.59,23.19
Lithuania,Eggs,Animal,13.11,12.04
Lithuania,Lamb & Goat,Animal,0.24,8.4
Lithuania,Rice,non-Animal,3.07,3.93
Lithuania,Nuts inc. Peanut Butter,non-Animal,2.13,3.77
Lithuania,Soybeans,non-Animal,0.02,0.01
Luxembourg,Beef,Animal,29.88,922.03
Luxembourg,Milk - inc. cheese,non-Animal,255.3,363.65
Luxembourg,Pork,Animal,43.58,154.25
Luxembourg,Lamb & Goat,Animal,1.67,58.48
Luxembourg,Fish,Animal,23.09,36.87
Luxembourg,Poultry,Animal,21.37,22.96
Luxembourg,Wheat and Wheat Products,non-Animal,103.2,19.68
Luxembourg,Eggs,Animal,14.64,13.45
Luxembourg,Rice,non-Animal,4.2,5.37
Luxembourg,Nuts inc. Peanut Butter,non-Animal,0.93,1.65
Luxembourg,Soybeans,non-Animal,0.04,0.02
Macedonia,Beef,Animal,7.69,237.3
Macedonia,Milk - inc. cheese,non-Animal,157.93,224.96
Macedonia,Pork,Animal,10.35,36.63
Macedonia,Lamb & Goat,Animal,0.94,32.92
Macedonia,Poultry,Animal,18.77,20.16
Macedonia,Wheat and Wheat Products,non-Animal,104.8,19.99
Macedonia,Nuts inc. Peanut Butter,non-Animal,5.87,10.39
Macedonia,Fish,Animal,5.47,8.73
Macedonia,Eggs,Animal,6.38,5.86
Macedonia,Rice,non-Animal,2.81,3.6
Macedonia,Soybeans,non-Animal,0.46,0.21
Madagascar,Beef,Animal,7.51,231.74
Madagascar,Rice,non-Animal,102.53,131.21
Madagascar,Milk - inc. cheese,non-Animal,24.84,35.38
Madagascar,Lamb & Goat,Animal,0.57,19.96
Madagascar,Pork,Animal,2.56,9.06
Madagascar,Fish,Animal,4.41,7.04
Madagascar,Poultry,Animal,3.14,3.37
Madagascar,Wheat and Wheat Products,non-Animal,9.01,1.72
Madagascar,Eggs,Animal,0.71,0.65
Madagascar,Nuts inc. Peanut Butter,non-Animal,0.35,0.62
Madagascar,Soybeans,non-Animal,0,0
Malawi,Beef,Animal,2.35,72.52
Malawi,Lamb & Goat,Animal,2.07,72.49
Malawi,Pork,Animal,5.45,19.29
Malawi,Fish,Animal,7.33,11.7
Malawi,Milk - inc. cheese,non-Animal,7.98,11.37
Malawi,Nuts inc. Peanut Butter,non-Animal,5.08,8.99
Malawi,Rice,non-Animal,4.75,6.08
Malawi,Wheat and Wheat Products,non-Animal,11.77,2.24
Malawi,Poultry,Animal,1.38,1.48
Malawi,Eggs,Animal,1.08,0.99
Malawi,Soybeans,non-Animal,1.76,0.79
Malaysia,Beef,Animal,6.52,201.19
Malaysia,Rice,non-Animal,81.25,103.98
Malaysia,Fish,Animal,49.43,78.92
Malaysia,Poultry,Animal,41.01,44.05
Malaysia,Milk - inc. cheese,non-Animal,25.28,36.01
Malaysia,Lamb & Goat,Animal,0.94,32.92
Malaysia,Pork,Animal,7.76,27.47
Malaysia,Eggs,Animal,16.57,15.22
Malaysia,Wheat and Wheat Products,non-Animal,51.04,9.73
Malaysia,Nuts inc. Peanut Butter,non-Animal,2.9,5.13
Malaysia,Soybeans,non-Animal,0.04,0.02
Maldives,Beef,Animal,9.44,291.3
Maldives,Fish,Animal,179.71,286.94
Maldives,Milk - inc. cheese,non-Animal,111.47,158.78
Maldives,Rice,non-Animal,50.73,64.92
Maldives,Nuts inc. Peanut Butter,non-Animal,15.83,28.02
Maldives,Lamb & Goat,Animal,0.7,24.51
Maldives,Poultry,Animal,18.47,19.84
Maldives,Wheat and Wheat Products,non-Animal,77.77,14.83
Maldives,Eggs,Animal,10.79,9.91
Maldives,Pork,Animal,1.22,4.32
Maldives,Soybeans,non-Animal,0.2,0.09
Malta,Beef,Animal,19.22,593.09
Malta,Milk - inc. cheese,non-Animal,190.06,270.72
Malta,Pork,Animal,34.24,121.19
Malta,Lamb & Goat,Animal,1.19,41.67
Malta,Fish,Animal,24.58,39.25
Malta,Poultry,Animal,26.4,28.36
Malta,Wheat and Wheat Products,non-Animal,139.58,26.62
Malta,Eggs,Animal,11.64,10.69
Malta,Nuts inc. Peanut Butter,non-Animal,5.62,9.95
Malta,Rice,non-Animal,4.96,6.35
Malta,Soybeans,non-Animal,0.05,0.02
Mauritius,Beef,Animal,5.99,184.84
Mauritius,Milk - inc. cheese,non-Animal,117.27,167.04
Mauritius,Lamb & Goat,Animal,4.08,142.88
Mauritius,Rice,non-Animal,45.56,58.3
Mauritius,Poultry,Animal,38.51,41.37
Mauritius,Fish,Animal,19.66,31.39
Mauritius,Wheat and Wheat Products,non-Animal,114.02,21.74
Mauritius,Pork,Animal,4.08,14.44
Mauritius,Eggs,Animal,6.32,5.81
Mauritius,Nuts inc. Peanut Butter,non-Animal,2.33,4.12
Mauritius,Soybeans,non-Animal,0.3,0.14
Mexico,Beef,Animal,15.33,473.05
Mexico,Milk - inc. cheese,non-Animal,111.87,159.35
Mexico,Pork,Animal,15.23,53.91
Mexico,Poultry,Animal,30.12,32.35
Mexico,Lamb & Goat,Animal,0.89,31.17
Mexico,Eggs,Animal,18.34,16.85
Mexico,Fish,Animal,7.56,12.07
Mexico,Rice,non-Animal,5.64,7.22
Mexico,Wheat and Wheat Products,non-Animal,35.21,6.71
Mexico,Nuts inc. Peanut Butter,non-Animal,2.51,4.44
Mexico,Soybeans,non-Animal,0.02,0.01
Morocco,Beef,Animal,8.04,248.1
Morocco,Lamb & Goat,Animal,4.36,152.69
Morocco,Milk - inc. cheese,non-Animal,54.68,77.89
Morocco,Wheat and Wheat Products,non-Animal,179.7,34.27
Morocco,Fish,Animal,17.44,27.85
Morocco,Poultry,Animal,20.77,22.31
Morocco,Eggs,Animal,6.68,6.14
Morocco,Nuts inc. Peanut Butter,non-Animal,3.23,5.72
Morocco,Rice,non-Animal,1.1,1.41
Morocco,Pork,Animal,0.01,0.04
Morocco,Soybeans,non-Animal,0,0
Mozambique,Beef,Animal,1.04,32.09
Mozambique,Lamb & Goat,Animal,0.9,31.52
Mozambique,Rice,non-Animal,23.41,29.96
Mozambique,Pork,Animal,5.13,18.16
Mozambique,Fish,Animal,7.74,12.36
Mozambique,Milk - inc. cheese,non-Animal,4.79,6.82
Mozambique,Nuts inc. Peanut Butter,non-Animal,2.61,4.62
Mozambique,Wheat and Wheat Products,non-Animal,14.65,2.79
Mozambique,Eggs,Animal,1.7,1.56
Mozambique,Poultry,Animal,1.41,1.51
Mozambique,Soybeans,non-Animal,0.03,0.01
Myanmar,Rice,non-Animal,132.8,169.94
Myanmar,Beef,Animal,4.94,152.44
Myanmar,Fish,Animal,54.26,86.64
Myanmar,Milk - inc. cheese,non-Animal,31.48,44.84
Myanmar,Pork,Animal,11.31,40.03
Myanmar,Lamb & Goat,Animal,0.89,31.17
Myanmar,Poultry,Animal,21.87,23.49
Myanmar,Nuts inc. Peanut Butter,non-Animal,4.5,7.97
Myanmar,Eggs,Animal,6.45,5.92
Myanmar,Wheat and Wheat Products,non-Animal,6.22,1.19
Myanmar,Soybeans,non-Animal,0.38,0.17
Namibia,Beef,Animal,3.75,115.72
Namibia,Milk - inc. cheese,non-Animal,73.05,104.05
Namibia,Lamb & Goat,Animal,2.27,79.5
Namibia,Fish,Animal,10.7,17.08
Namibia,Pork,Animal,4.21,14.9
Namibia,Poultry,Animal,12.19,13.09
Namibia,Rice,non-Animal,6.31,8.07
Namibia,Wheat and Wheat Products,non-Animal,36.26,6.91
Namibia,Eggs,Animal,1.63,1.5
Namibia,Nuts inc. Peanut Butter,non-Animal,0.71,1.26
Namibia,Soybeans,non-Animal,0.07,0.03
Nepal,Beef,Animal,7.89,243.47
Nepal,Rice,non-Animal,87.75,112.29
Nepal,Milk - inc. cheese,non-Animal,52.1,74.21
Nepal,Lamb & Goat,Animal,2.1,73.54
Nepal,Wheat and Wheat Products,non-Animal,50.46,9.62
Nepal,Nuts inc. Peanut Butter,non-Animal,2.42,4.28
Nepal,Fish,Animal,2.17,3.46
Nepal,Pork,Animal,0.67,2.37
Nepal,Poultry,Animal,1.56,1.68
Nepal,Eggs,Animal,1.42,1.3
Nepal,Soybeans,non-Animal,0.01,0
Netherlands,Beef,Animal,17.67,545.26
Netherlands,Milk - inc. cheese,non-Animal,341.47,486.39
Netherlands,Pork,Animal,36.36,128.7
Netherlands,Lamb & Goat,Animal,0.94,32.92
Netherlands,Fish,Animal,18.64,29.76
Netherlands,Poultry,Animal,23.9,25.67
Netherlands,Nuts inc. Peanut Butter,non-Animal,7.94,14.05
Netherlands,Wheat and Wheat Products,non-Animal,70.17,13.38
Netherlands,Eggs,Animal,14.03,12.89
Netherlands,Rice,non-Animal,2.93,3.75
Netherlands,Soybeans,non-Animal,0.12,0.05
New Caledonia,Beef,Animal,16.07,495.89
New Caledonia,Milk - inc. cheese,non-Animal,108,153.84
New Caledonia,Pork,Animal,19.9,70.44
New Caledonia,Lamb & Goat,Animal,1.95,68.29
New Caledonia,Poultry,Animal,44.36,47.65
New Caledonia,Fish,Animal,19.38,30.94
New Caledonia,Rice,non-Animal,17.47,22.36
New Caledonia,Wheat and Wheat Products,non-Animal,81.75,15.59
New Caledonia,Eggs,Animal,8.85,8.13
New Caledonia,Nuts inc. Peanut Butter,non-Animal,2.96,5.24
New Caledonia,Soybeans,non-Animal,0.55,0.25
New Zealand,Beef,Animal,22.49,693.99
New Zealand,Lamb & Goat,Animal,18.91,662.23
New Zealand,Milk - inc. cheese,non-Animal,137.25,195.5
New Zealand,Pork,Animal,22.29,78.9
New Zealand,Poultry,Animal,34.98,37.58
New Zealand,Fish,Animal,20.36,32.51
New Zealand,Wheat and Wheat Products,non-Animal,76.91,14.67
New Zealand,Nuts inc. Peanut Butter,non-Animal,8.22,14.55
New Zealand,Rice,non-Animal,9.16,11.72
New Zealand,Eggs,Animal,9.91,9.1
New Zealand,Soybeans,non-Animal,0.44,0.2
Nicaragua,Beef,Animal,4.73,145.96
Nicaragua,Milk - inc. cheese,non-Animal,85.16,121.3
Nicaragua,Rice,non-Animal,43.33,55.45
Nicaragua,Poultry,Animal,21.31,22.89
Nicaragua,Pork,Animal,3.38,11.96
Nicaragua,Fish,Animal,3.59,5.73
Nicaragua,Wheat and Wheat Products,non-Animal,28.17,5.37
Nicaragua,Eggs,Animal,4.9,4.5
Nicaragua,Nuts inc. Peanut Butter,non-Animal,2.36,4.18
Nicaragua,Lamb & Goat,Animal,0.01,0.35
Nicaragua,Soybeans,non-Animal,0.01,0
Niger,Beef,Animal,8.97,276.8
Niger,Lamb & Goat,Animal,4.17,146.03
Niger,Milk - inc. cheese,non-Animal,58.92,83.93
Niger,Rice,non-Animal,13.17,16.85
Niger,Nuts inc. Peanut Butter,non-Animal,6.95,12.3
Niger,Fish,Animal,2.7,4.31
Niger,Poultry,Animal,1.08,1.16
Niger,Wheat and Wheat Products,non-Animal,4.79,0.91
Niger,Pork,Animal,0.09,0.32
Niger,Eggs,Animal,0.3,0.28
Niger,Soybeans,non-Animal,0,0
Nigeria,Lamb & Goat,Animal,2.72,95.25
Nigeria,Beef,Animal,2.33,71.9
Nigeria,Rice,non-Animal,28.23,36.13
Nigeria,Fish,Animal,16.03,25.59
Nigeria,Nuts inc. Peanut Butter,non-Animal,6.93,12.27
Nigeria,Milk - inc. cheese,non-Animal,7.91,11.27
Nigeria,Pork,Animal,1.47,5.2
Nigeria,Wheat and Wheat Products,non-Animal,20.82,3.97
Nigeria,Eggs,Animal,3.46,3.18
Nigeria,Poultry,Animal,1.73,1.86
Nigeria,Soybeans,non-Animal,2.6,1.17
Norway,Beef,Animal,19.83,611.91
Norway,Milk - inc. cheese,non-Animal,261.34,372.25
Norway,Lamb & Goat,Animal,5.34,187.01
Norway,Pork,Animal,23.51,83.21
Norway,Fish,Animal,38.18,60.96
Norway,Poultry,Animal,21.01,22.57
Norway,Wheat and Wheat Products,non-Animal,97.12,18.52
Norway,Eggs,Animal,11.41,10.48
Norway,Nuts inc. Peanut Butter,non-Animal,5.28,9.35
Norway,Rice,non-Animal,4.36,5.58
Norway,Soybeans,non-Animal,0.11,0.05
Oman,Beef,Animal,15.1,465.95
Oman,Lamb & Goat,Animal,12.87,450.71
Oman,Milk - inc. cheese,non-Animal,152.28,216.91
Oman,Rice,non-Animal,56.55,72.37
Oman,Fish,Animal,21.56,34.42
Oman,Poultry,Animal,31.51,33.85
Oman,Wheat and Wheat Products,non-Animal,64.1,12.22
Oman,Eggs,Animal,7.8,7.17
Oman,Nuts inc. Peanut Butter,non-Animal,1.68,2.97
Oman,Soybeans,non-Animal,0.21,0.09
Oman,Pork,Animal,0.01,0.04
Pakistan,Beef,Animal,8.82,272.17
Pakistan,Milk - inc. cheese,non-Animal,183.13,260.85
Pakistan,Lamb & Goat,Animal,2.46,86.15
Pakistan,Wheat and Wheat Products,non-Animal,113.63,21.67
Pakistan,Rice,non-Animal,12.25,15.68
Pakistan,Poultry,Animal,5.01,5.38
Pakistan,Fish,Animal,1.87,2.99
Pakistan,Eggs,Animal,2.95,2.71
Pakistan,Nuts inc. Peanut Butter,non-Animal,0.83,1.47
Pakistan,Pork,Animal,0,0
Pakistan,Soybeans,non-Animal,0,0
Panama,Beef,Animal,20.4,629.5
Panama,Milk - inc. cheese,non-Animal,70.29,100.12
Panama,Rice,non-Animal,66.42,85
Panama,Pork,Animal,13.48,47.71
Panama,Poultry,Animal,30.81,33.1
Panama,Fish,Animal,11.05,17.64
Panama,Wheat and Wheat Products,non-Animal,38.96,7.43
Panama,Eggs,Animal,4.53,4.16
Panama,Nuts inc. Peanut Butter,non-Animal,1.05,1.86
Panama,Soybeans,non-Animal,3.53,1.59
Panama,Lamb & Goat,Animal,0.01,0.35
Paraguay,Beef,Animal,19.81,611.29
Paraguay,Milk - inc. cheese,non-Animal,75.72,107.86
Paraguay,Pork,Animal,26.24,92.88
Paraguay,Lamb & Goat,Animal,0.56,19.61
Paraguay,Eggs,Animal,18.83,17.3
Paraguay,Poultry,Animal,6.39,6.86
Paraguay,Rice,non-Animal,4.91,6.28
Paraguay,Wheat and Wheat Products,non-Animal,31.51,6.01
Paraguay,Fish,Animal,3.6,5.75
Paraguay,Nuts inc. Peanut Butter,non-Animal,1.6,2.83
Paraguay,Soybeans,non-Animal,0,0
Peru,Beef,Animal,4.69,144.72
Peru,Milk - inc. cheese,non-Animal,62.15,88.53
Peru,Rice,non-Animal,48.92,62.6
Peru,Lamb & Goat,Animal,1,35.02
Peru,Fish,Animal,15.74,25.13
Peru,Pork,Animal,3.85,13.63
Peru,Poultry,Animal,11.72,12.59
Peru,Wheat and Wheat Products,non-Animal,56.12,10.7
Peru,Eggs,Animal,8.76,8.05
Peru,Nuts inc. Peanut Butter,non-Animal,0.65,1.15
Peru,Soybeans,non-Animal,1.59,0.72
Philippines,Rice,non-Animal,119.44,152.85
Philippines,Beef,Animal,4.06,125.28
Philippines,Pork,Animal,18.4,65.13
Philippines,Fish,Animal,28.51,45.52
Philippines,Milk - inc. cheese,non-Animal,15.66,22.31
Philippines,Lamb & Goat,Animal,0.56,19.61
Philippines,Poultry,Animal,11.91,12.79
Philippines,Wheat and Wheat Products,non-Animal,23.12,4.41
Philippines,Eggs,Animal,4.02,3.69
Philippines,Nuts inc. Peanut Butter,non-Animal,2.08,3.68
Philippines,Soybeans,non-Animal,0.03,0.01
Poland,Milk - inc. cheese,non-Animal,205.39,292.56
Poland,Pork,Animal,46.19,163.49
Poland,Beef,Animal,2.32,71.59
Poland,Poultry,Animal,27.41,29.44
Poland,Wheat and Wheat Products,non-Animal,108.83,20.75
Poland,Fish,Animal,10.49,16.75
Poland,Eggs,Animal,7.53,6.92
Poland,Nuts inc. Peanut Butter,non-Animal,2.23,3.95
Poland,Rice,non-Animal,0.95,1.22
Poland,Lamb & Goat,Animal,0.02,0.7
Poland,Soybeans,non-Animal,0.06,0.03
Portugal,Beef,Animal,16.45,507.61
Portugal,Milk - inc. cheese,non-Animal,205.04,292.06
Portugal,Pork,Animal,37.91,134.18
Portugal,Lamb & Goat,Animal,2.38,83.35
Portugal,Fish,Animal,45.39,72.47
Portugal,Poultry,Animal,30.14,32.38
Portugal,Rice,non-Animal,14.86,19.02
Portugal,Wheat and Wheat Products,non-Animal,94.3,17.98
Portugal,Eggs,Animal,9.05,8.31
Portugal,Nuts inc. Peanut Butter,non-Animal,3.91,6.92
Portugal,Soybeans,non-Animal,0.01,0
Romania,Milk - inc. cheese,non-Animal,238.33,339.48
Romania,Beef,Animal,4.78,147.5
Romania,Lamb & Goat,Animal,3.41,119.42
Romania,Pork,Animal,25.31,89.58
Romania,Wheat and Wheat Products,non-Animal,134.87,25.72
Romania,Poultry,Animal,15.38,16.52
Romania,Eggs,Animal,12.94,11.89
Romania,Fish,Animal,6.07,9.69
Romania,Rice,non-Animal,2.59,3.31
Romania,Nuts inc. Peanut Butter,non-Animal,1.8,3.19
Romania,Soybeans,non-Animal,0.01,0
Russia,Beef,Animal,16.98,523.97
Russia,Milk - inc. cheese,non-Animal,163.57,232.99
Russia,Pork,Animal,25.66,90.82
Russia,Lamb & Goat,Animal,1.4,49.03
Russia,Fish,Animal,20.82,33.24
Russia,Poultry,Animal,27.5,29.54
Russia,Wheat and Wheat Products,non-Animal,130.99,24.98
Russia,Eggs,Animal,15.43,14.17
Russia,Rice,non-Animal,4.71,6.03
Russia,Nuts inc. Peanut Butter,non-Animal,1.62,2.87
Russia,Soybeans,non-Animal,0.05,0.02
Rwanda,Beef,Animal,2.53,78.07
Rwanda,Lamb & Goat,Animal,1.93,67.59
Rwanda,Rice,non-Animal,8.7,11.13
Rwanda,Milk - inc. cheese,non-Animal,7.23,10.3
Rwanda,Fish,Animal,3.88,6.2
Rwanda,Pork,Animal,0.76,2.69
Rwanda,Wheat and Wheat Products,non-Animal,11.34,2.16
Rwanda,Poultry,Animal,1.34,1.44
Rwanda,Nuts inc. Peanut Butter,non-Animal,0.58,1.03
Rwanda,Soybeans,non-Animal,1.93,0.87
Rwanda,Eggs,Animal,0.16,0.15
Saudi Arabia,Lamb & Goat,Animal,6.54,229.03
Saudi Arabia,Beef,Animal,6.45,199.03
Saudi Arabia,Milk - inc. cheese,non-Animal,83.65,119.15
Saudi Arabia,Poultry,Animal,49.05,52.69
Saudi Arabia,Rice,non-Animal,36.02,46.09
Saudi Arabia,Fish,Animal,11.99,19.14
Saudi Arabia,Wheat and Wheat Products,non-Animal,89.47,17.06
Saudi Arabia,Nuts inc. Peanut Butter,non-Animal,3.23,5.72
Saudi Arabia,Eggs,Animal,5.37,4.93
Saudi Arabia,Soybeans,non-Animal,0.05,0.02
Saudi Arabia,Pork,Animal,0,0
Senegal,Beef,Animal,5.85,180.52
Senegal,Lamb & Goat,Animal,3.19,111.71
Senegal,Rice,non-Animal,72.29,92.51
Senegal,Fish,Animal,22.94,36.63
Senegal,Milk - inc. cheese,non-Animal,16.86,24.02
Senegal,Nuts inc. Peanut Butter,non-Animal,4.03,7.13
Senegal,Wheat and Wheat Products,non-Animal,37.32,7.12
Senegal,Poultry,Animal,4.62,4.96
Senegal,Pork,Animal,0.94,3.33
Senegal,Eggs,Animal,1.63,1.5
Senegal,Soybeans,non-Animal,0,0
Serbia,Beef,Animal,7.05,217.55
Serbia,Milk - inc. cheese,non-Animal,148.53,211.57
Serbia,Lamb & Goat,Animal,3.56,124.67
Serbia,Pork,Animal,32.04,113.41
Serbia,Wheat and Wheat Products,non-Animal,105.88,20.19
Serbia,Poultry,Animal,10.64,11.43
Serbia,Fish,Animal,5.59,8.93
Serbia,Eggs,Animal,8.89,8.17
Serbia,Nuts inc. Peanut Butter,non-Animal,3.31,5.86
Serbia,Rice,non-Animal,1.22,1.56
Serbia,Soybeans,non-Animal,0,0
Sierra Leone,Rice,non-Animal,103.3,132.19
Sierra Leone,Beef,Animal,1.99,61.41
Sierra Leone,Fish,Animal,32.03,51.14
Sierra Leone,Lamb & Goat,Animal,0.65,22.76
Sierra Leone,Milk - inc. cheese,non-Animal,7,9.97
Sierra Leone,Nuts inc. Peanut Butter,non-Animal,5.57,9.86
Sierra Leone,Poultry,Animal,4.97,5.34
Sierra Leone,Pork,Animal,1.22,4.32
Sierra Leone,Eggs,Animal,1.92,1.76
Sierra Leone,Wheat and Wheat Products,non-Animal,8.72,1.66
Sierra Leone,Soybeans,non-Animal,0,0
Slovakia,Milk - inc. cheese,non-Animal,143.14,203.89
Slovakia,Beef,Animal,5.19,160.15
Slovakia,Pork,Animal,31.78,112.49
Slovakia,Wheat and Wheat Products,non-Animal,123.62,23.57
Slovakia,Poultry,Animal,15.13,16.25
Slovakia,Eggs,Animal,16.05,14.74
Slovakia,Fish,Animal,8.39,13.4
Slovakia,Nuts inc. Peanut Butter,non-Animal,3.7,6.55
Slovakia,Lamb & Goat,Animal,0.16,5.6
Slovakia,Rice,non-Animal,2.88,3.69
Slovakia,Soybeans,non-Animal,0.02,0.01
Slovenia,Beef,Animal,18.43,568.71
Slovenia,Milk - inc. cheese,non-Animal,235.01,334.75
Slovenia,Pork,Animal,28.19,99.78
Slovenia,Lamb & Goat,Animal,0.79,27.67
Slovenia,Poultry,Animal,23.46,25.2
Slovenia,Wheat and Wheat Products,non-Animal,103.43,19.72
Slovenia,Fish,Animal,7.76,12.39
Slovenia,Nuts inc. Peanut Butter,non-Animal,5.28,9.35
Slovenia,Eggs,Animal,9.36,8.6
Slovenia,Rice,non-Animal,3.95,5.05
Slovenia,Soybeans,non-Animal,0.75,0.34
South Africa,Beef,Animal,18.03,556.37
South Africa,Lamb & Goat,Animal,4.28,149.89
South Africa,Milk - inc. cheese,non-Animal,55.75,79.41
South Africa,Poultry,Animal,37.57,40.36
South Africa,Rice,non-Animal,17.41,22.28
South Africa,Pork,Animal,4.16,14.72
South Africa,Wheat and Wheat Products,non-Animal,60.13,11.47
South Africa,Fish,Animal,5.56,8.88
South Africa,Eggs,Animal,7.21,6.62
South Africa,Nuts inc. Peanut Butter,non-Animal,1.04,1.84
South Africa,Soybeans,non-Animal,1.27,0.57
South Korea,Beef,Animal,14.53,448.37
South Korea,Pork,Animal,32.76,115.95
South Korea,Rice,non-Animal,85.18,109
South Korea,Fish,Animal,33.09,52.83
South Korea,Milk - inc. cheese,non-Animal,29.05,41.38
South Korea,Poultry,Animal,16,17.19
South Korea,Eggs,Animal,11.24,10.33
South Korea,Wheat and Wheat Products,non-Animal,50.84,9.7
South Korea,Nuts inc. Peanut Butter,non-Animal,4.88,8.64
South Korea,Lamb & Goat,Animal,0.14,4.9
South Korea,Soybeans,non-Animal,8.35,3.76
Spain,Beef,Animal,12.15,374.92
Spain,Milk - inc. cheese,non-Animal,164.29,234.01
Spain,Pork,Animal,48.92,173.15
Spain,Lamb & Goat,Animal,2.16,75.64
Spain,Fish,Animal,28.83,46.03
Spain,Poultry,Animal,28.63,30.75
Spain,Wheat and Wheat Products,non-Animal,93.88,17.9
Spain,Nuts inc. Peanut Butter,non-Animal,7.44,13.17
Spain,Eggs,Animal,13.32,12.24
Spain,Rice,non-Animal,8.32,10.65
Spain,Soybeans,non-Animal,0.02,0.01
Sri Lanka,Rice,non-Animal,109.72,140.41
Sri Lanka,Milk - inc. cheese,non-Animal,34.98,49.83
Sri Lanka,Beef,Animal,1.38,42.58
Sri Lanka,Fish,Animal,24.92,39.79
Sri Lanka,Wheat and Wheat Products,non-Animal,37.01,7.06
Sri Lanka,Poultry,Animal,4.96,5.33
Sri Lanka,Eggs,Animal,4.57,4.2
Sri Lanka,Lamb & Goat,Animal,0.09,3.15
Sri Lanka,Nuts inc. Peanut Butter,non-Animal,1.09,1.93
Sri Lanka,Pork,Animal,0.05,0.18
Sri Lanka,Soybeans,non-Animal,0,0
Swaziland,Beef,Animal,15.1,465.95
Swaziland,Milk - inc. cheese,non-Animal,56.6,80.62
Swaziland,Lamb & Goat,Animal,1.94,67.94
Swaziland,Rice,non-Animal,21.15,27.07
Swaziland,Nuts inc. Peanut Butter,non-Animal,6.44,11.4
Swaziland,Pork,Animal,2.43,8.6
Swaziland,Wheat and Wheat Products,non-Animal,37.15,7.08
Swaziland,Poultry,Animal,6.18,6.64
Swaziland,Fish,Animal,1.26,2.01
Swaziland,Eggs,Animal,1.5,1.38
Swaziland,Soybeans,non-Animal,0.55,0.25
Sweden,Beef,Animal,24.58,758.49
Sweden,Milk - inc. cheese,non-Animal,341.23,486.05
Sweden,Pork,Animal,37,130.96
Sweden,Lamb & Goat,Animal,1.41,49.38
Sweden,Fish,Animal,23.86,38.1
Sweden,Poultry,Animal,16.64,17.87
Sweden,Wheat and Wheat Products,non-Animal,79.59,15.18
Sweden,Eggs,Animal,13.37,12.28
Sweden,Nuts inc. Peanut Butter,non-Animal,6.23,11.03
Sweden,Rice,non-Animal,5.96,7.63
Sweden,Soybeans,non-Animal,0.13,0.06
Switzerland,Beef,Animal,21.26,656.04
Switzerland,Milk - inc. cheese,non-Animal,318.69,453.94
Switzerland,Pork,Animal,31.49,111.46
Switzerland,Lamb & Goat,Animal,1.42,49.73
Switzerland,Fish,Animal,13.48,21.52
Switzerland,Poultry,Animal,16.38,17.6
Switzerland,Wheat and Wheat Products,non-Animal,89.51,17.07
Switzerland,Nuts inc. Peanut Butter,non-Animal,9.27,16.41
Switzerland,Eggs,Animal,10.53,9.67
Switzerland,Rice,non-Animal,2.43,3.11
Switzerland,Soybeans,non-Animal,0.44,0.2
Taiwan. ROC,Beef,Animal,5.21,160.77
Taiwan. ROC,Pork,Animal,39.37,139.35
Taiwan. ROC,Milk - inc. cheese,non-Animal,41.72,59.43
Taiwan. ROC,Rice,non-Animal,45.85,58.67
Taiwan. ROC,Poultry,Animal,32.13,34.51
Taiwan. ROC,Lamb & Goat,Animal,0.92,32.22
Taiwan. ROC,Fish,Animal,18.29,29.2
Taiwan. ROC,Nuts inc. Peanut Butter,non-Animal,9.06,16.04
Taiwan. ROC,Eggs,Animal,13.08,12.02
Taiwan. ROC,Wheat and Wheat Products,non-Animal,50.92,9.71
Taiwan. ROC,Soybeans,non-Animal,16.95,7.63
Tanzania,Beef,Animal,6.09,187.92
Tanzania,Milk - inc. cheese,non-Animal,40.29,57.39
Tanzania,Lamb & Goat,Animal,1.28,44.83
Tanzania,Rice,non-Animal,21.01,26.89
Tanzania,Nuts inc. Peanut Butter,non-Animal,5.94,10.51
Tanzania,Fish,Animal,5.5,8.78
Tanzania,Wheat and Wheat Products,non-Animal,15.94,3.04
Tanzania,Poultry,Animal,1.84,1.98
Tanzania,Pork,Animal,0.32,1.13
Tanzania,Eggs,Animal,0.58,0.53
Tanzania,Soybeans,non-Animal,0.04,0.02
Thailand,Rice,non-Animal,114.57,146.62
Thailand,Beef,Animal,2.56,79
Thailand,Pork,Animal,13,46.01
Thailand,Milk - inc. cheese,non-Animal,29.35,41.81
Thailand,Fish,Animal,19.45,31.06
Thailand,Poultry,Animal,13.69,14.71
Thailand,Eggs,Animal,12.35,11.34
Thailand,Nuts inc. Peanut Butter,non-Animal,1.5,2.66
Thailand,Wheat and Wheat Products,non-Animal,10.93,2.08
Thailand,Lamb & Goat,Animal,0.05,1.75
Thailand,Soybeans,non-Animal,2.13,0.96
Togo,Lamb & Goat,Animal,1.58,55.33
Togo,Beef,Animal,1.53,47.21
Togo,Rice,non-Animal,25.99,33.26
Togo,Fish,Animal,11.69,18.67
Togo,Milk - inc. cheese,non-Animal,7.96,11.34
Togo,Poultry,Animal,6.63,7.12
Togo,Nuts inc. Peanut Butter,non-Animal,3.59,6.35
Togo,Pork,Animal,1.57,5.56
Togo,Wheat and Wheat Products,non-Animal,12.91,2.46
Togo,Eggs,Animal,0.86,0.79
Togo,Soybeans,non-Animal,0.01,0
Trinidad and Tobago,Beef,Animal,6.13,189.16
Trinidad and Tobago,Milk - inc. cheese,non-Animal,103.8,147.85
Trinidad and Tobago,Lamb & Goat,Animal,2.79,97.71
Trinidad and Tobago,Poultry,Animal,58.27,62.59
Trinidad and Tobago,Fish,Animal,20.54,32.8
Trinidad and Tobago,Pork,Animal,8.92,31.57
Trinidad and Tobago,Rice,non-Animal,16.38,20.96
Trinidad and Tobago,Wheat and Wheat Products,non-Animal,90.17,17.2
Trinidad and Tobago,Nuts inc. Peanut Butter,non-Animal,3.78,6.69
Trinidad and Tobago,Eggs,Animal,4.2,3.86
Trinidad and Tobago,Soybeans,non-Animal,0.04,0.02
Tunisia,Lamb & Goat,Animal,5.34,187.01
Tunisia,Beef,Animal,5.53,170.64
Tunisia,Milk - inc. cheese,non-Animal,114.47,163.05
Tunisia,Wheat and Wheat Products,non-Animal,197.5,37.66
Tunisia,Fish,Animal,12.63,20.17
Tunisia,Poultry,Animal,18.5,19.87
Tunisia,Nuts inc. Peanut Butter,non-Animal,6.34,11.22
Tunisia,Eggs,Animal,7.67,7.05
Tunisia,Rice,non-Animal,1.07,1.37
Tunisia,Soybeans,non-Animal,1.88,0.85
Tunisia,Pork,Animal,0,0
Turkey,Beef,Animal,11.64,359.19
Turkey,Milk - inc. cheese,non-Animal,193.94,276.25
Turkey,Lamb & Goat,Animal,4.68,163.89
Turkey,Wheat and Wheat Products,non-Animal,169.96,32.41
Turkey,Poultry,Animal,18.78,20.17
Turkey,Nuts inc. Peanut Butter,non-Animal,7.97,14.11
Turkey,Rice,non-Animal,10.74,13.74
Turkey,Fish,Animal,5.58,8.91
Turkey,Eggs,Animal,8.2,7.53
Turkey,Soybeans,non-Animal,1.71,0.77
Turkey,Pork,Animal,0.01,0.04
Uganda,Beef,Animal,5.15,158.92
Uganda,Milk - inc. cheese,non-Animal,37.27,53.09
Uganda,Lamb & Goat,Animal,1.25,43.77
Uganda,Fish,Animal,12.5,19.96
Uganda,Pork,Animal,3.37,11.93
Uganda,Nuts inc. Peanut Butter,non-Animal,3.77,6.67
Uganda,Rice,non-Animal,4.64,5.94
Uganda,Wheat and Wheat Products,non-Animal,10.14,1.93
Uganda,Poultry,Animal,1.51,1.62
Uganda,Eggs,Animal,0.97,0.89
Uganda,Soybeans,non-Animal,0.01,0
Ukraine,Beef,Animal,8.96,276.49
Ukraine,Milk - inc. cheese,non-Animal,145.03,206.58
Ukraine,Pork,Animal,20.56,72.77
Ukraine,Poultry,Animal,24.23,26.03
Ukraine,Fish,Animal,15.23,24.32
Ukraine,Wheat and Wheat Products,non-Animal,105.15,20.05
Ukraine,Eggs,Animal,18.01,16.54
Ukraine,Lamb & Goat,Animal,0.41,14.36
Ukraine,Nuts inc. Peanut Butter,non-Animal,2.68,4.74
Ukraine,Rice,non-Animal,3,3.84
Ukraine,Soybeans,non-Animal,0.02,0.01
United Arab Emirates,Lamb & Goat,Animal,9.08,317.98
United Arab Emirates,Milk - inc. cheese,non-Animal,132.66,188.96
United Arab Emirates,Beef,Animal,5.64,174.04
United Arab Emirates,Rice,non-Animal,56.25,71.98
United Arab Emirates,Poultry,Animal,41.04,44.09
United Arab Emirates,Nuts inc. Peanut Butter,non-Animal,23.03,40.76
United Arab Emirates,Fish,Animal,20.41,32.59
United Arab Emirates,Wheat and Wheat Products,non-Animal,101.29,19.32
United Arab Emirates,Eggs,Animal,8.23,7.56
United Arab Emirates,Soybeans,non-Animal,0.08,0.04
United Arab Emirates,Pork,Animal,0,0
United Kingdom,Beef,Animal,18.12,559.15
United Kingdom,Milk - inc. cheese,non-Animal,232.2,330.75
United Kingdom,Lamb & Goat,Animal,4.49,157.24
United Kingdom,Pork,Animal,25.79,91.28
United Kingdom,Poultry,Animal,31.55,33.89
United Kingdom,Fish,Animal,15.49,24.73
United Kingdom,Wheat and Wheat Products,non-Animal,98.63,18.81
United Kingdom,Eggs,Animal,11.08,10.18
United Kingdom,Rice,non-Animal,6.39,8.18
United Kingdom,Nuts inc. Peanut Butter,non-Animal,4.18,7.4
United Kingdom,Soybeans,non-Animal,0.05,0.02
Uruguay,Beef,Animal,29.1,897.96
Uruguay,Milk - inc. cheese,non-Animal,210.54,299.89
Uruguay,Lamb & Goat,Animal,8.23,288.21
Uruguay,Pork,Animal,16.84,59.61
Uruguay,Poultry,Animal,27.45,29.49
Uruguay,Wheat and Wheat Products,non-Animal,109.31,20.85
Uruguay,Rice,non-Animal,11.5,14.72
Uruguay,Eggs,Animal,13.14,12.07
Uruguay,Fish,Animal,6.53,10.43
Uruguay,Nuts inc. Peanut Butter,non-Animal,0.95,1.68
Uruguay,Soybeans,non-Animal,0.01,0
USA,Beef,Animal,36.24,1118.29
USA,Milk - inc. cheese,non-Animal,254.69,362.78
USA,Pork,Animal,27.64,97.83
USA,Poultry,Animal,50.01,53.72
USA,Fish,Animal,12.35,19.72
USA,Wheat and Wheat Products,non-Animal,80.43,15.34
USA,Lamb & Goat,Animal,0.43,15.06
USA,Nuts inc. Peanut Butter,non-Animal,7.86,13.91
USA,Eggs,Animal,14.58,13.39
USA,Rice,non-Animal,6.88,8.8
USA,Soybeans,non-Animal,0.04,0.02
Venezuela,Beef,Animal,25.89,798.91
Venezuela,Milk - inc. cheese,non-Animal,117.79,167.78
Venezuela,Poultry,Animal,39.28,42.19
Venezuela,Rice,non-Animal,23.39,29.93
Venezuela,Pork,Animal,7.23,25.59
Venezuela,Fish,Animal,8.34,13.32
Venezuela,Lamb & Goat,Animal,0.32,11.21
Venezuela,Wheat and Wheat Products,non-Animal,49.17,9.38
Venezuela,Eggs,Animal,5.63,5.17
Venezuela,Nuts inc. Peanut Butter,non-Animal,0.35,0.62
Venezuela,Soybeans,non-Animal,0,0
Vietnam,Beef,Animal,7.44,229.58
Vietnam,Rice,non-Animal,144.56,184.99
Vietnam,Pork,Animal,35,123.88
Vietnam,Fish,Animal,26.52,42.34
Vietnam,Milk - inc. cheese,non-Animal,16.36,23.3
Vietnam,Poultry,Animal,12.36,13.28
Vietnam,Nuts inc. Peanut Butter,non-Animal,6.28,11.12
Vietnam,Lamb & Goat,Animal,0.14,4.9
Vietnam,Eggs,Animal,3.84,3.53
Vietnam,Soybeans,non-Animal,5.75,2.59
Vietnam,Wheat and Wheat Products,non-Animal,10.49,2
Zambia,Beef,Animal,4.76,146.88
Zambia,Lamb & Goat,Animal,0.68,23.81
Zambia,Milk - inc. cheese,non-Animal,9.71,13.83
Zambia,Fish,Animal,6.2,9.9
Zambia,Nuts inc. Peanut Butter,non-Animal,5.04,8.92
Zambia,Pork,Animal,1.66,5.88
Zambia,Rice,non-Animal,3.05,3.9
Zambia,Poultry,Animal,3.29,3.53
Zambia,Soybeans,non-Animal,7.3,3.29
Zambia,Eggs,Animal,3.32,3.05
Zambia,Wheat and Wheat Products,non-Animal,12.1,2.31
Zimbabwe,Beef,Animal,7.37,227.42
Zimbabwe,Milk - inc. cheese,non-Animal,31.9,45.44
Zimbabwe,Lamb & Goat,Animal,0.96,33.62
Zimbabwe,Rice,non-Animal,10.09,12.91
Zimbabwe,Pork,Animal,2.65,9.38
Zimbabwe,Wheat and Wheat Products,non-Animal,31.31,5.97
Zimbabwe,Poultry,Animal,4.97,5.34
Zimbabwe,Fish,Animal,2.8,4.47
Zimbabwe,Nuts inc. Peanut Butter,non-Animal,2.22,3.93
Zimbabwe,Eggs,Animal,1.75,1.61
Zimbabwe,Soybeans,non-Animal,0.54,0.24
